first,last
Liam,Smith
Noah,Johnson
Oliver,Williams
James,Brown
Elijah,Jones
William,Garcia
Henry,Miller
Lucas,Davis
Benjamin,Rodriguez
Theodore,Martinez
Mateo,Hernandez
Levi,Lopez
Sebastian,Gonzalez
Daniel,Wilson
Jack,Anderson
Michael,Thomas
Alexander,Taylor
Owen,Moore
Asher,Jackson
Samuel,Martin
Ethan,Lee
Leo,Perez
Jackson,Thompson
Mason,White
Ezra,Harris
John,Sanchez
Hudson,Clark
Luca,Ramirez
Aiden,Lewis
Joseph,Robinson
David,Walker
Jacob,Young
Logan,Allen
Luke,King
Julian,Wright
Gabriel,Scott
Grayson,Torres
Wyatt,Nguyen
Matthew,Hill
Maverick,Flores
Dylan,Green
Isaac,Adams
Elias,Nelson
Anthony,Baker
Thomas,Hall
Jayden,Rivera
Carter,Campbell
Santiago,Mitchell
Ezekiel,Carter
Charles,Roberts
Josiah,Gomez
Caleb,Phillips
Cooper,Evans
Lincoln,Turner
Miles,Diaz
Christopher,Parker
Nathan,Cruz
Isaiah,Edwards
Kai,Collins
Joshua,Reyes
Andrew,Stewart
Angel,Morris
Adrian,Morales
Cameron,Murphy
Nolan,Cook
Waylon,Rogers
Jaxon,Gutierrez
Roman,Ortiz
Eli,Morgan
Wesley,Cooper
Aaron,Peterson
Ian,Bailey
Christian,Reed
Ryan,Kelly
Leonardo,Howard
Brooks,Ramos
Axel,Kim
Walker,Cox
Jonathan,Ward
Easton,Richardson
Everett,Watson
Weston,Brooks
Bennett,Chavez
Robert,Wood
Jameson,James
Landon,Bennett
Silas,Gray
Jose,Mendoza
Beau,Ruiz
Micah,Hughes
Colton,Price
Jordan,Alvarez
Jeremiah,Castillo
Parker,Sanders
Greyson,Patel
Rowan,Myers
Adam,Long
Nicholas,Ross
Theo,Foster
Xavier,Jimenez
Hunter,Powell
Dominic,Jenkins
Jace,Perry
Gael,Russell
River,Sullivan
Thiago,Bell
Kayden,Coleman
Damian,Butler
August,Henderson
Carson,Barnes
Austin,Gonzales
Myles,Fisher
Amir,Vasquez
Declan,Simmons
Emmett,Romero
Ryder,Jordan
Luka,Patterson
Connor,Alexander
Jaxson,Hamilton
Milo,Graham
Enzo,Reynolds
Giovanni,Griffin
Vincent,Wallace
Diego,Moreno
Luis,West
Archer,Cole
Harrison,Hayes
Kingston,Bryant
Atlas,Herrera
Jasper,Gibson
Sawyer,Ellis
Legend,Tran
Lorenzo,Medina
Evan,Aguilar
Jonah,Stevens
Chase,Murray
Bryson,Ford
Adriel,Castro
Nathaniel,Marshall
Arthur,Owens
Juan,Harrison
George,Fernandez
Cole,Mcdonald
Zion,Woods
Jason,Washington
Ashton,Kennedy
Carlos,Wells
Calvin,Vargas
Brayden,Henry
Elliot,Chen
Rhett,Freeman
Emiliano,Webb
Ace,Tucker
Jayce,Guzman
Graham,Burns
Max,Crawford
Braxton,Olson
Leon,Simpson
Ivan,Porter
Hayden,Hunter
Jude,Gordon
Malachi,Mendez
Dean,Silva
Tyler,Shaw
Jesus,Snyder
Zachary,Mason
Kaiden,Dixon
Elliott,Munoz
Arlo,Hunt
Emmanuel,Hicks
Ayden,Holmes
Bentley,Palmer
Maxwell,Wagner
Amari,Black
Ryker,Robertson
Finn,Boyd
Antonio,Rose
Charlie,Stone
Maddox,Salazar
Justin,Fox
Judah,Warren
Kevin,Mills
Dawson,Meyer
Matteo,Rice
Miguel,Schmidt
Zayden,Garza
Camden,Daniels
Messiah,Ferguson
Alan,Nichols
Alex,Stephens
Nicolas,Soto
Felix,Weaver
Alejandro,Ryan
Jesse,Gardner
Beckett,Payne
Matias,Grant
Tucker,Dunn
Emilio,Kelley
Xander,Spencer
Knox,Hawkins
Oscar,Arnold
Beckham,Pierce
Timothy,Vazquez
Abraham,Hansen
Andres,Peters
Gavin,Santos
Brody,Hart
Barrett,Bradley
Hayes,Knight
Jett,Elliott
Brandon,Cunningham
Joel,Duncan
Victor,Armstrong
Peter,Hudson
Abel,Carroll
Edward,Lane
Karter,Riley
Patrick,Andrews
Richard,Alvarado
Grant,Ray
Avery,Delgado
King,Berry
Caden,Perkins
Adonis,Hoffman
Riley,Johnston
Tristan,Matthews
Kyrie,Pena
Blake,Richards
Eric,Contreras
Griffin,Willis
Malakai,Carpenter
Rafael,Lawrence
Israel,Sandoval
Tate,Guerrero
Lukas,George
Nico,Chapman
Marcus,Rios
Stetson,Estrada
Javier,Ortega
Colt,Watkins
Omar,Greene
Simon,Nunez
Kash,Wheeler
Remington,Valdez
Jeremy,Harper
Louis,Burke
Mark,Larson
Lennox,Santiago
Callum,Maldonado
Kairo,Morrison
Nash,Franklin
Kyler,Carlson
Dallas,Austin
Crew,Dominguez
Preston,Carr
Paxton,Lawson
Steven,Jacobs
Zane,Obrien
Kaleb,Lynch
Lane,Singh
Phoenix,Vega
Paul,Bishop
Cash,Montgomery
Kenneth,Oliver
Bryce,Jensen
Ronan,Harvey
Kaden,Williamson
Maximiliano,Gilbert
Walter,Dean
Maximus,Sims
Emerson,Espinoza
Hendrix,Howell
Jax,Li
Atticus,Wong
Zayn,Reid
Tobias,Hanson
Cohen,Le
Aziel,Mccoy
Kayson,Garrett
Rory,Burton
Brady,Fuller
Finley,Wang
Holden,Weber
Jorge,Welch
Malcolm,Rojas
Clayton,Lucas
Niko,Marquez
Francisco,Fields
Josue,Park
Brian,Yang
Bryan,Little
Cade,Banks
Colin,Padilla
Andre,Day
Cayden,Walsh
Aidan,Bowman
Muhammad,Schultz
Derek,Luna
Ali,Fowler
Elian,Mejia
Bodhi,Davidson
Cody,Acosta
Jensen,Brewer
Damien,May
Martin,Holland
Cairo,Juarez
Ellis,Newman
Khalil,Pearson
Otto,Curtis
Zander,Cortez
Dante,Douglas
Ismael,Schneider
Angelo,Joseph
Brantley,Barrett
Manuel,Navarro
Colson,Figueroa
Cruz,Keller
Tatum,Avila
Jaylen,Wade
Jaden,Molina
Erick,Stanley
Cristian,Hopkins
Romeo,Campos
Milan,Barnett
Reid,Bates
Cyrus,Chambers
Leonel,Caldwell
Joaquin,Beck
Ari,Lambert
Odin,Miranda
Orion,Byrd
Ezequiel,Craig
Gideon,Ayala
Daxton,Lowe
Warren,Frazier
Casey,Powers
Anderson,Neal
Spencer,Leonard
Karson,Gregory
Eduardo,Carrillo
Chance,Sutton
Fernando,Fleming
Raymond,Rhodes
Bradley,Shelton
Cesar,Schwartz
Wade,Norris
Prince,Jennings
Julius,Watts
Dakota,Duran
Kade,Walters
Koa,Cohen
Raiden,Mcdaniel
Callan,Moran
Hector,Parks
Onyx,Steele
Remy,Vaughn
Ricardo,Becker
Edwin,Holt
Stephen,Deleon
Kane,Barker
Saint,Terry
Titus,Hale
Desmond,Leon
Killian,Hail
Sullivan,Benson
Mario,Haynes
Jay,Horton
Kamari,Miles
Luciano,Lyons
Royal,Pham
Zyaire,Graves
Marco,Bush
Wilder,Thornton
Russell,Wolfe
Nasir,Warner
Rylan,Cabrera
Archie,Mckinney
Jared,Mann
Gianni,Zimmerman
Kashton,Dawson
Kobe,Lara
Sergio,Fletcher
Travis,Page
Marshall,Mccarthy
Iker,Love
Briggs,Robles
Gunner,Cervantes
Apollo,Solis
Bowen,Erickson
Baylor,Reeves
Sage,Chang
Tyson,Klein
Kyle,Salinas
Oakley,Fuentes
Malik,Baldwin
Mathias,Daniel
Sean,Simon
Armani,Velasquez
Hugo,Hardy
Johnny,Higgins
Sterling,Aguirre
Forrest,Lin
Harvey,Cummings
Banks,Chandler
Grady,Sharp
Kameron,Barber
Jake,Bowen
Franklin,Ochoa
Lawson,Dennis
Tanner,Robbins
Eden,Liu
Jaziel,Ramsey
Pablo,Francis
Reed,Griffith
Pedro,Paul
Zayne,Blair
Royce,Oconnor
Edgar,Cardenas
Ibrahim,Pacheco
Winston,Cross
Ronin,Calderon
Leonidas,Quinn
Devin,Moss
Damon,Swanson
Noel,Chan
Rhys,Rivas
Clark,Khan
Corbin,Rodgers
Sonny,Serrano
Colter,Fitzgerald
Esteban,Rosales
Erik,Stevenson
Baker,Christensen
Adan,Manning
Dariel,Gill
Kylo,Curry
Tripp,Mclaughlin
Caiden,Harmon
Frank,Mcgee
Solomon,Gross
Major,Doyle
Memphis,Garner
Quinn,Newton
Dax,Burgess
Hank,Reese
Donovan,Walton
Finnegan,Blake
Nehemiah,Trujillo
Andy,Adkins
Camilo,Brady
Asa,Goodman
Jeffrey,Roman
Santino,Webster
Isaias,Goodwin
Jaiden,Fischer
Kian,Huang
Fabian,Potter
Callen,Delacruz
Ruben,Montoya
Alexis,Todd
Emanuel,Wu
Francis,Hines
Garrett,Mullins
Kendrick,Castaneda
Matthias,Malone
Wells,Cannon
Augustus,Tate
Jasiah,Mack
Alijah,Sherman
Alonzo,Hubbard
Koda,Hodges
Collin,Zhang
Ford,Guerra
Frederick,Wolf
Jaxton,Valencia
Kohen,Franco
Troy,Saunders
Kason,Rowe
Seth,Gallagher
Denver,Farmer
Kyson,Hammond
Ares,Hampton
Raphael,Townsend
Bodie,Ingram
Sylas,Wise
Uriel,Gallegos
Zaiden,Clarke
Shiloh,Barton
Lewis,Schroeder
Kieran,Maxwell
Olivia,Waters
Emma,Logan
Charlotte,Camacho
Amelia,Strickland
Sophia,Norman
Isabella,Person
Ava,Colon
Mia,Parsons
Evelyn,Frank
Luna,Harrington
Harper,Glover
Camila,Osborne
Sofia,Buchanan
Scarlett,Casey
Elizabeth,Floyd
Eleanor,Patton
Emily,Ibarra
Chloe,Ball
Mila,Tyler
Violet,Suarez
Penelope,Bowers
Gianna,Orozco
Aria,Salas
Abigail,Cobb
Ella,Gibbs
Avery,Andrade
Hazel,Bauer
Nora,Conner
Layla,Moody
Lily,Escobar
Aurora,Mcguire
Nova,Lloyd
Ellie,Mueller
Madison,Hartman
Grace,French
Isla,Kramer
Willow,Mcbride
Zoe,Pope
Riley,Lindsey
Stella,Velazquez
Eliana,Norton
Ivy,Mccormick
Victoria,Sparks
Emilia,Flynn
Zoey,Yates
Naomi,Hogan
Hannah,Marsh
Lucy,Macias
Elena,Villanueva
Lillian,Zamora
Maya,Pratt
Leah,Stokes
Paisley,Owen
Addison,Ballard
Natalie,Lang
Valentina,Brock
Everly,Villarreal
Delilah,Charles
Leilani,Drake
Madelyn,Barrera
Kinsley,Cain
Ruby,Patrick
Sophie,Pineda
Alice,Burnett
Genesis,Mercado
Claire,Santana
Audrey,Shepherd
Sadie,Bautista
Aaliyah,Ali
Josephine,Shaffer
Autumn,Lamb
Brooklyn,Trevino
Quinn,Mckenzie
Kennedy,Hess
Cora,Beil
Savannah,Olsen
Caroline,Cochran
Athena,Morton
Natalia,Nash
Hailey,Wilkins
Aubrey,Petersen
Emery,Briggs
Anna,Shah
Iris,Roth
Bella,Nicholson
Eloise,Holloway
Skylar,Lozano
Jade,Flowers
Gabriella,Rangel
Ariana,Hoover
Maria,Arias
Adeline,Short
Lydia,Mora
Sarah,Valenzuela
Nevaeh,Bryan
Serenity,Meyers
Liliana,Weiss
Ayla,Underwood
Everleigh,Bass
Raelynn,Greer
Allison,Summers
Madeline,Houston
Vivian,Carson
Maeve,Morrow
Lyla,Clayton
Samantha,Whitaker
Rylee,Decker
Eva,Yoder
Melody,Collier
Clara,Zuniga
Hadley,Carey
Julia,Wilcox
Piper,Melendez
Juniper,Poole
Parker,Roberson
Brielle,Larsen
Eden,Conley
Remi,Davenport
Josie,Copeland
Rose,Massey
Arya,Lam
Eliza,Huff
Charlie,Rocha
Peyton,Cameron
Daisy,Jefferson
Lucia,Hood
Millie,Monroe
Margaret,Anthony
Freya,Pittman
Melanie,Huynh
Elliana,Randall
Adalynn,Singleton
Alina,Kirk
Emersyn,Combs
Sienna,Mathis
Mary,Christian
Isabelle,Skinner
Alaia,Bradford
Esther,Richard
Sloane,Galvan
Mackenzie,Wall
Amara,Boone
Ximena,Kirby
Sage,Wilkinson
Cecilia,Bridges
Valeria,Bruce
Reagan,Atkinson
Valerie,Velez
Catalina,Meza
River,Roy
Magnolia,Vincent
Kehlani,York
Summer,Hodge
Ashley,Villa
Andrea,Abbott
Isabel,Allison
Oakley,Tapia
Olive,Gates
Oaklynn,Chase
Ember,Sosa
Kaylee,Sweeney
Georgia,Farrell
Juliette,Wyatt
Anastasia,Dalton
Genevieve,Horn
Katherine,Barron
Blakely,Phelps
Reese,Yu
Amaya,Dickerson
Emerson,Heath
Brianna,Foley
June,Atkins
Alani,Mathews
Lainey,Bonilla
Arianna,Acevedo
Rosalie,Benitez
Sara,Zavala
Jasmine,Hensley
Ruth,Glenn
Adalyn,Cisneros
Ada,Harrell
Bailey,Shields
Ariella,Rubio
Wren,Choi
Myla,Huffman
Khloe,Boyer
Callie,Garrison
Elsie,Arroyo
Alexandra,Bond
Ryleigh,Kane
Faith,Hancock
Norah,Callahan
Margot,Dillon
Zuri,Cline
Journee,Wiggins
Aspen,Grimes
Gemma,Arellano
Kylie,Melton
Molly,Oneill
Blake,Savage
Zara,Ho
Alaina,Beltran
Alana,Pitts
Brynlee,Parrish
Amy,Ponce
Annie,Rich
Saylor,Booth
Ana,Koch
Amira,Golden
Kimberly,Ware
Noelle,Brennan
Kamila,Mcdowell
Morgan,Marks
Phoebe,Cantu
Harmony,Humphrey
Sutton,Baxter
Taylor,Sawyer
Finley,Clay
Lilah,Tanner
Juliana,Hutchinson
Lila,Kaur
Londyn,Berg
Kailani,Wiley
Vera,Gilmore
Kaia,Russo
Angela,Villegas
Hallie,Hobbs
Diana,Keith
Lennon,Wilkerson
Presley,Ahmed
Arabella,Beard
Aliyah,Mcclain
Lilly,Montes
Milani,Mata
Jordyn,Rosario
Camille,Vang
Ariel,Walter
Aubree,Henson
Selena,Oneal
Sawyer,Mosley
Nyla,Mcclure
Delaney,Beasley
Mariana,Stephenson
Rachel,Snow
Adaline,Huerta
Leila,Preston
Collins,Vance
Lia,Barry
Octavia,Johns
Kali,Eaton
Lena,Blackwell
Kiara,Dyer
Kaylani,Prince
Elaina,Macdonald
Daniela,Solomon
Leia,Guevara
Gracie,Stafford
Dakota,English
Elise,Hurst
Hope,Woodard
Harlow,Cortes
Lola,Shannon
Stevie,Kemp
Malia,Nolan
Miriam,Mccullough
Alora,Merritt
Gia,Murillo
Evangeline,Moon
Brooke,Salgado
Lilith,Strong
Sydney,Kline
Ophelia,Cordova
Alayna,Barajas
Tatum,Roach
Evie,Rosas
Rowan,Winters
Marley,Jacobson
Daphne,Lester
Kayla,Knox
Dahlia,Bullock
Lucille,Kerr
Blair,Leach
Adelaide,Meadows
Wrenley,Davila
Haven,Orr
Teagan,Whitehead
Adelyn,Pruitt
Alyssa,Kent
Payton,Conway
Jane,Mckee
Mckenna,Barr
Celeste,David
Juliet,Dejesus
Palmer,Marin
Maggie,Berger
Rebecca,Mcintyre
London,Blankenship
Noa,Gaines
Samara,Palacios
Thea,Cuevas
Kendall,Bartlett
Mya,Durham
Talia,Dorsey
Winter,Mccall
Angelina,Odonnell
Vivienne,Stein
Esme,Browning
Laila,Stout
Nina,Lowery
Trinity,Sloan
Vanessa,Mclean
Mabel,Hendricks
Camilla,Calhoun
Jocelyn,Sexton
Journey,Chung
Paige,Gentry
Phoenix,Hull
Amina,Duarte
Alivia,Ellison
Amari,Nielsen
Joanna,Gillespie
Nicole,Buck
Annabelle,Middleton
Raegan,Sellers
Aitana,Leblanc
Julianna,Esparza
Lauren,Hardin
Catherine,Bradshaw
Adriana,Mcintosh
Madilyn,Howe
Harley,Livingston
Tessa,Frost
Evelynn,Glass
Elianna,Morse
Rory,Knapp
Dream,Herman
Nayeli,Stark
Poppy,Bravo
Gabriela,Noble
Jayla,Spears
Cataleya,Weeks
Celine,Corona
Hayden,Frederick
Shiloh,Buckley
Mariah,Mcfarland
Charlee,Hebert
Maisie,Enriquez
Regina,Hickman
Adelynn,Quintero
Briella,Randolph
Giselle,Schaefer
Fatima,Walls
Danna,Trejo
Alessia,House
Mckenzie,Reilly
Wynter,Pennington
Fiona,Michael
Brooklynn,Conrad
Gracelynn,Giles
Luciana,Benjamin
Alexis,Crosby
Everlee,Fitzpatrick
Laura,Donovan
Selah,Mays
Reign,Mahoney
Alayah,Valentine
Rosemary,Raymond
Lilliana,Medrano
Ariyah,Hahn
Heidi,Mcmillan
Esmeralda,Small
Logan,Bentley
Amora,Felix
Kalani,Peck
Leighton,Lucero
Cali,Boyle
Melissa,Hanna
Aniyah,Pace
Izabella,Rush
Michelle,Hurley
Raelyn,Harding
Alessandra,Mcconnell
Viviana,Bernal
Madeleine,Nava
Arielle,Ayers
Serena,Everett
Francesca,Ventura
Brynn,Avery
Gwendolyn,Pugh
Kira,Mayer
Destiny,Bender
Elle,Shepard
Makayla,Mcmahon
Alaya,
Malani,
Willa,
Saige,
Makenna,
Remington,
Demi,
Adelina,
Raya,
Astrid,
Azalea,
Veronica,
Meadow,
Anaya,
Elisa,
Raven,
Alexandria,
Hattie,
Alicia,
Sabrina,
Gracelyn,
Matilda,
Skye,
Annalise,
Frances,
Miracle,
Maia,
Helen,
Lana,
Daleyza,
Rosie,
Charli,
Bianca,
Royalty,
Sarai,
Amiyah,
Nylah,
Aylin,
Maryam,
Scarlet,
Antonella,
Sylvia,
Sylvie,
Nadia,
Ari,
Lexi,
Mylah,
Julieta,
Lorelei,
Avianna,
Armani,
Camryn,
Emely,
Rylie,
Colette,
Daniella,
Liana,
Brinley,
Kate,
Salem,
Marlee,
Alison,
Carmen,
Felicity,
Fernanda,
Holly,
Ariah,
Aisha,
Kora,
Amanda,
Ailani,
Elaine,
Emory,
Joy,
Oaklee,
Lyric,
Madelynn,
Haisley,
Allie,
Helena,
Danielle,
Katalina,
Carolina,
Zariah,
Navy,
Cassidy,
Lorelai,
Stephanie,
Alma,
Mira,
Legacy,
Jolene,
Anya,
Dorothy,
Paris,
Yaretzi,
Aurelia,
Maddison,
Renata,
Jimena,
Xiomara,
Itzel,
Heaven,
Lyra,
Estella,
Gabrielle,
